{"loss": [0.5372253656387329, 0.5092985033988953, 0.5056865811347961, 0.5035764575004578, 0.5048556327819824, 0.5028024911880493, 0.5012337565422058, 0.49681442975997925, 0.4917597472667694, 0.48588064312934875, 0.48427116870880127, 0.48817941546440125, 0.4802864193916321, 0.4782371520996094, 0.47641608119010925, 0.47155463695526123, 0.46232137084007263, 0.4617950916290283, 0.4579561948776245, 0.45695915818214417], "accuracy": [0.9769383072853088, 0.99495929479599, 0.9934298396110535, 0.9920377135276794, 0.992591381072998, 0.9922774434089661, 0.9918728470802307, 0.9905642867088318, 0.99071204662323, 0.9911420345306396, 0.9911947250366211, 0.9906485676765442, 0.9911036491394043, 0.9924322366714478, 0.9922839999198914, 0.9922029972076416, 0.9925838708877563, 0.9930697083473206, 0.993325412273407, 0.9934852123260498], "mean_iou": [0.6343387961387634, 0.6722052693367004, 0.6105532050132751, 0.5989363789558411, 0.6138389110565186, 0.5991362929344177, 0.5704403519630432, 0.5644494891166687, 0.5643675923347473, 0.5881832838058472, 0.5908123254776001, 0.5684660077095032, 0.5859195590019226, 0.6084660887718201, 0.6138860583305359, 0.6194902062416077, 0.6285378336906433, 0.6369704604148865, 0.6470040082931519, 0.6387374401092529], "val_loss": [0.5205838680267334, 0.5102902054786682, 0.5021347403526306, 0.5058568716049194, 0.5246986150741577, 0.5024374723434448, 0.493828147649765, 0.4972414970397949, 0.47851330041885376, 0.4863744080066681, 0.4891543984413147, 0.513994038105011, 0.47311216592788696, 0.47783994674682617, 0.48039689660072327, 0.4739963710308075, 0.4637093245983124, 0.46462923288345337, 0.4574078917503357, 0.45817384123802185], "val_accuracy": [0.992736279964447, 0.9897986650466919, 0.9900632500648499, 0.992736279964447, 0.9925967454910278, 0.9882861375808716, 0.9917858839035034, 0.9885139465332031, 0.9889670610427856, 0.9874232411384583, 0.9850199818611145, 0.9924158453941345, 0.9872921705245972, 0.9895861744880676, 0.9825815558433533, 0.9896812438964844, 0.9895902276039124, 0.9892520904541016, 0.9904460906982422, 0.9901024699211121], "val_mean_iou": [0.6127866506576538, 0.5184832215309143, 0.5286198854446411, 0.6127866506576538, 0.6121073365211487, 0.5209785103797913, 0.5919577479362488, 0.5372641682624817, 0.5529952645301819, 0.5308595895767212, 0.523780882358551, 0.5790023803710938, 0.5320125222206116, 0.5210733413696289, 0.5227856040000916, 0.5790090560913086, 0.5938195586204529, 0.5752941370010376, 0.5925512909889221, 0.5808601379394531], "lr": [0.0010000000474974513, 0.0009938441216945648, 0.0009755282662808895, 0.0009455032413825393, 0.0009045085171237588, 0.0008535534143447876, 0.0007938925991766155, 0.0007269952329806983, 0.0006545084761455655, 0.0005782172083854675, 0.0005000000237487257, 0.00042178278090432286, 0.0003454915131442249, 0.00027300475630909204, 0.0002061073755612597, 0.00014644660404883325, 9.549150126986206e-05, 5.44967369933147e-05, 2.4471741198794916e-05, 6.155829851195449e-06]}